File,Lines,ExpectedViolations,NestedLevels,BulkPayloadNested
ShallowBulk_001.profile,250000,2500,10,NO
ShallowBulk_002.profile,250000,2500,10,NO
ShallowBulk_003.profile,250000,2500,10,NO
ShallowBulk_004.profile,250000,2500,10,NO
ShallowBulk_005.profile,250000,2500,10,NO
ShallowBulk_006.profile,250000,2500,10,NO
ShallowBulk_007.profile,250000,2500,10,NO
ShallowBulk_008.profile,250000,2500,10,NO
ShallowBulk_009.profile,250000,2500,10,NO
ShallowBulk_010.profile,250000,2500,10,NO
ShallowBulk_011.profile,250000,2500,10,NO
ShallowBulk_012.profile,250000,2500,10,NO
ShallowBulk_013.profile,250000,2500,10,NO
ShallowBulk_014.profile,250000,2500,10,NO
ShallowBulk_015.profile,250000,2500,10,NO
ShallowBulk_016.profile,250000,2500,10,NO
ShallowBulk_017.profile,250000,2500,10,NO
ShallowBulk_018.profile,250000,2500,10,NO
ShallowBulk_019.profile,250000,2500,10,NO
ShallowBulk_020.profile,250000,2500,10,NO
ShallowBulk_021.profile,250000,2500,10,NO
ShallowBulk_022.profile,250000,2500,10,NO
ShallowBulk_023.profile,250000,2500,10,NO
ShallowBulk_024.profile,250000,2500,10,NO
ShallowBulk_025.profile,250000,2500,10,NO
